producto_original,producto_normalizado
WHISKY OLD PARR 0 75,WHISKY OLD PARR 0.75ML
WHISKY OLD PARR 12 AÑOS 0,WHISKY OLD PARR 0.75ML
WHISKY OLD PARR,WHISKY OLD PARR 0.75ML
WHISKY CHQUERS 0,WHISKY CHEQUERS
WHISKY PROMOCION CHEQUERS 1,WHISKY CHEQUERS
WHISKY OLD PARR 0.75ML,WHISKY OLD PARR 0.75ML
JARABE DE GRANADINA 700CC,GRANADINA
WEB BUCHANANS SOLO WEB GRAVABLE,WHISKY BUCHANAN'S 0.75ML
WHISKY BUCHANNAS 0.75,WHISKY BUCHANAN'S 0.75ML
WHISKY BUCHANAN'S 18 AÑOS, WHISKY BUCHANANS 18 AÑOS
ANIS CARTUJO BOT 0.75,ANIS CARTUJO 0.75ML
ANIS EL MORO 0.70,ANIS CARTUJO 0.75ML
AMARGO CAMPARI,BITTER CAMPARI LT
BITTER CAMPARI,BITTER CAMPARI LT
BRANDY FABULOSO,BRANDY FABULOSO 0.70ML
BRANDY FABULOSO 0 700,BRANDY FABULOSO 0.70ML
WHISKY OLD PARR 1,WHISKY OLD PARR 1
WHISKY OLD PARR 500ML,WHISKY OLD PARR 0.50ML
BUCHANANS 18 AÑOS E, WHISKY BUCHANANS 18 AÑOS
BUCHANANS 18 AÑOS G, WHISKY BUCHANANS 18 AÑOS
BUCHANAS 18 AÑOS 0.75, WHISKY BUCHANANS 18 AÑOS
BUCHANANS DE LUX 0.75T,WHISKY BUCHANAN'S 0.75ML
BUCHANANS DELUXE 0.75 GRAVABLE,WHISKY BUCHANAN'S 0.75ML
CARIBU COCONUT 0.700,LICOR DE COCO 0.70ML
CARIBU DE COCO 0.70,LICOR DE COCO 0.70ML
COCONUT RUM 1,LICOR DE COCO 0.70ML
COCONUT RUM 1 COCONUT,LICOR DE COCO 0.70ML
LICOR DE COCO G,LICOR DE COCO 0.70ML
LICOR DE COCO 0 70LT,LICOR DE COCO 0.70ML
LD COCO MAMBO,LICOR DE COCO 0.70ML
LICOR DE COCO MAMBO,LICOR DE COCO 0.70ML
CANCILLER BLANCO 0.70 E,RON BLANCO SANTA TERESA 0 70
CARUPANO SILVER 0 75L G,RON BLANCO SANTA TERESA 0 70
RON BLANCO CARUPANO FREZZ 0.75,RON BLANCO SANTA TERESA 0 70
RON BLANCO CHINGON,RON BLANCO SANTA TERESA 0 70
RON CANCILLER BLANCO,RON BLANCO SANTA TERESA 0 70
RON CANCILLER BLANCO 67 20S,RON BLANCO SANTA TERESA 0 70
RON CARUPANO SILVER 0 750,RON BLANCO SANTA TERESA 0 70
CACIQUE 500 0.75,RON CACIQUE 500
ETIQUETA NEGRA 0.75,WHISKY BLACK LABEL 0.75ML
ETIQUETA NEGRA EXENTO 0.75,WHISKY BLACK LABEL 0.75ML
WHISKY BLACK LABEL 0.75,WHISKY BLACK LABEL 0.75ML
CHEQUERS 1,WHISKY CHEQUERS
WHISKY CHEQUERS 1,WHISKY CHEQUERS
WHISKY CHQUERS 0 75L,WHISKY CHQUERS 0 75L
GINEBRA TANQUERAY TEN 0 75LT,GINEBRA TANQUERAY TEN 0.75ML
GINEBRA TANQUERAY TEN 0 70LTRS,GINEBRA TANQUERAY TEN 0.75ML
GINEBRA WELLINGTON 0.70,GINEBRA WELLINTONG 0.70ML
GINEBRA WELLINTONG,GINEBRA WELLINTONG 0.70ML
MIONETTO 0 5LT,MIONETTO APERITIVO 0.50ML
MIONETTO APERITIVO 0 5L G,MIONETTO APERITIVO 0.50ML
PONCHE CREMA ARTESANAL 1T,PONCHE CREMA ARTESANAL LT
PONCHE CREMA TRADICIONAL 1,PONCHE CREMA ARTESANAL LT
RON SANTA TERESA 1796,RON SANTA TERESA 1796 0.75ML
RON SANTA TERESA 1796 0.75,RON SANTA TERESA 1796 0.75ML
RON SANTA TERESA LINAJE 0.70,RON SANTA TERESA LINAJE 0.75ML
RON SANTA TERESA RESERVA LINAJE 0.75,RON SANTA TERESA LINAJE 0.75ML
RON SANTA TERESA 1796 SPEYSID 0.75,RON SANTA TERESA 1796 SPEYSID 0.75ML
RON SANTA TERESA SPEYSID 0 75L,RON SANTA TERESA 1796 SPEYSID 0.75ML
SAMBUCA NEGRONI,SAMBUCA NEGRONI 0.70ML
SAMBUCA NEGRONI GRAVABLE,SAMBUCA NEGRONI 0.70ML
SANGRIA BLANCA 1.75,SANGRIA BLANCA 1.75LT
SANGRIA CAROREÑA BLANCA 1 750LT,SANGRIA BLANCA 1.75LT
SANGRIA CAROREÑA ROSADA 1.750LTS,SANGRIA ROSADA 1.75LT
SANGRIA ROSADA 1.75,SANGRIA ROSADA 1.75LT
SANGRIA CAROREÑA TINTA 1 750,SANGRIA TINTA 1.75LT
SANGRIA TINTA 1.75,SANGRIA TINTA 1.75LT
WHISKY OLD PARR 0.75,WHISKY OLD PARR 0.75ML
OLD PAR SOLO WEB G,WHISKY OLD PARR 0.75ML
OLD PARR 0.75 G,WHISKY OLD PARR 0.75ML
OLD PARR SOLO WEB 0.75,WHISKY OLD PARR 0.75ML
WHISKY OLD PARR 12 AÑOS 0.50L,WHISKY OLD PARR 0.50ML
